{
  "sfx_start_game": [
    0,
    759.8958333333334
  ],
  "sfx_perfect_3": [
    2000,
    1750
  ],
  "sfx_perfect_2": [
    5000,
    1000
  ],
  "sfx_perfect_1": [
    7000,
    1754.3333333333333
  ],
  "sfx_lose": [
    10000,
    487.5000000000007
  ],
  "sfx_jump": [
    12000,
    41.145833333333215
  ],
  "sfx_explosion": [
    14000,
    1429.9166666666672
  ],
  "sfx_coin": [
    17000,
    676.5833333333333
  ],
  "sfx_button_clicked": [
    19000,
    504.00000000000136
  ],
  "sfx_add_point": [
    21000,
    218.22916666666714
  ],
  "bg_music": [
    23000,
    9878.708333333336
  ]
}